,0,1,2,3,4,5,6,7,8,9,10,11,12,13,14,15,16,17,18,19,20,21,22,23,24,25,26,27,28
0,,2-apple,2-apple,2-apple,2-apple,2-apple,1-samsung,1-samsung,2-apple,1-samsung,1-samsung,1-samsung,1-samsung,1-samsung,1-samsung,1-samsung,1-samsung,2-apple,2-apple,2-apple,2-apple,2-apple,1-samsung,1-samsung,1-samsung,,,,
1,,2-apple,2-apple,2-apple,2-apple,2-apple,1-samsung,1-samsung,2-apple,1-samsung,1-samsung,1-samsung,1-samsung,1-samsung,1-samsung,1-samsung,1-samsung,2-apple,2-apple,2-apple,2-apple,2-apple,1-samsung,1-samsung,1-samsung,,,,
2,,0-apple,2-apple,2-apple,2-apple,2-apple,1-samsung,1-samsung,2-apple,1-samsung,1-samsung,1-samsung,1-samsung,1-samsung,1-samsung,1-samsung,1-samsung,2-apple,2-apple,2-apple,2-apple,2-apple,1-samsung,1-samsung,1-samsung,,,,
3,,0-apple,1-samsung,2-apple,2-apple,2-apple,1-samsung,1-samsung,2-apple,1-samsung,1-samsung,1-samsung,1-samsung,1-samsung,1-samsung,1-samsung,1-samsung,2-apple,2-apple,2-apple,2-apple,2-apple,1-samsung,1-samsung,1-samsung,,,,
4,,1-samsung,3-samsung,2-apple,2-apple,2-apple,1-samsung,1-samsung,2-apple,1-samsung,1-samsung,1-samsung,1-samsung,1-samsung,1-samsung,1-samsung,1-samsung,2-apple,2-apple,2-apple,2-apple,2-apple,1-samsung,1-samsung,1-samsung,,,,
5,,1-samsung,3-samsung,2-apple,2-apple,2-apple,1-samsung,1-samsung,2-apple,1-samsung,1-samsung,1-samsung,1-samsung,1-samsung,1-samsung,1-samsung,1-samsung,2-apple,2-apple,2-apple,2-apple,2-apple,1-samsung,1-samsung,1-samsung,,,,
6,,1-samsung,3-samsung,2-apple,2-apple,2-apple,1-samsung,2-apple,2-apple,1-samsung,1-samsung,1-samsung,1-samsung,1-samsung,1-samsung,1-samsung,1-samsung,2-apple,2-apple,2-apple,2-apple,2-apple,1-samsung,1-samsung,1-samsung,,,,
7,,4-apple,3-samsung,2-apple,2-apple,2-apple,1-samsung,2-apple,2-apple,1-samsung,1-samsung,1-samsung,1-samsung,1-samsung,1-samsung,1-samsung,1-samsung,2-apple,2-apple,2-apple,2-apple,2-apple,1-samsung,1-samsung,1-samsung,,,,
8,,4-apple,3-samsung,2-apple,2-apple,2-apple,3-samsung,2-apple,2-apple,1-samsung,1-samsung,1-samsung,1-samsung,1-samsung,1-samsung,1-samsung,1-samsung,2-apple,2-apple,2-apple,2-apple,2-apple,1-samsung,1-samsung,1-samsung,,,,
9,,4-apple,3-samsung,2-apple,2-apple,2-apple,3-samsung,2-apple,2-apple,1-samsung,1-samsung,1-samsung,1-samsung,1-samsung,1-samsung,1-samsung,1-samsung,2-apple,2-apple,2-apple,2-apple,2-apple,1-samsung,1-samsung,1-samsung,,,,
10,,4-apple,3-samsung,2-apple,2-apple,2-apple,3-samsung,2-apple,2-apple,1-samsung,1-samsung,1-samsung,1-samsung,1-samsung,1-samsung,1-samsung,1-samsung,2-apple,2-apple,2-apple,2-apple,2-apple,1-samsung,1-samsung,1-samsung,,,,
11,,4-apple,3-samsung,1-samsung,2-apple,2-apple,3-samsung,2-apple,2-apple,1-samsung,1-samsung,1-samsung,1-samsung,1-samsung,1-samsung,1-samsung,1-samsung,2-apple,2-apple,2-apple,2-apple,2-apple,1-samsung,1-samsung,1-samsung,,,,
12,,4-apple,3-samsung,3-samsung,2-apple,2-apple,3-samsung,2-apple,2-apple,1-samsung,1-samsung,1-samsung,1-samsung,1-samsung,1-samsung,1-samsung,1-samsung,2-apple,2-apple,2-apple,2-apple,2-apple,1-samsung,1-samsung,1-samsung,,,,
13,,3-samsung,0-apple,3-samsung,2-apple,2-apple,3-samsung,2-apple,2-apple,2-apple,1-samsung,1-samsung,1-samsung,1-samsung,1-samsung,1-samsung,1-samsung,2-apple,2-apple,2-apple,2-apple,2-apple,3-samsung,1-samsung,1-samsung,,,,
14,,3-samsung,0-apple,3-samsung,0-apple,2-apple,3-samsung,2-apple,2-apple,2-apple,1-samsung,1-samsung,1-samsung,1-samsung,1-samsung,1-samsung,1-samsung,2-apple,2-apple,2-apple,2-apple,2-apple,3-samsung,1-samsung,3-samsung,,,,
15,,,0-apple,3-samsung,0-apple,2-apple,3-samsung,2-apple,2-apple,2-apple,2-apple,2-apple,1-samsung,1-samsung,2-apple,1-samsung,1-samsung,2-apple,2-apple,1-samsung,2-apple,2-apple,3-samsung,1-samsung,3-samsung,,,,
16,,,0-apple,3-samsung,0-apple,2-apple,3-samsung,2-apple,2-apple,2-apple,2-apple,2-apple,1-samsung,1-samsung,2-apple,1-samsung,1-samsung,2-apple,2-apple,1-samsung,2-apple,2-apple,3-samsung,3-samsung,3-samsung,,,,
17,,,0-apple,3-samsung,0-apple,2-apple,3-samsung,2-apple,2-apple,2-apple,2-apple,2-apple,1-samsung,1-samsung,2-apple,1-samsung,1-samsung,2-apple,2-apple,1-samsung,2-apple,2-apple,3-samsung,3-samsung,3-samsung,,,,
18,,,0-apple,3-samsung,0-apple,2-apple,3-samsung,2-apple,2-apple,2-apple,2-apple,2-apple,1-samsung,1-samsung,2-apple,1-samsung,1-samsung,2-apple,2-apple,1-samsung,2-apple,2-apple,3-samsung,3-samsung,3-samsung,,,,
19,,,0-apple,3-samsung,0-apple,1-samsung,3-samsung,2-apple,2-apple,2-apple,2-apple,2-apple,1-samsung,1-samsung,2-apple,1-samsung,1-samsung,2-apple,2-apple,1-samsung,2-apple,1-samsung,3-samsung,3-samsung,3-samsung,,,,
20,,,0-apple,3-samsung,0-apple,1-samsung,3-samsung,2-apple,2-apple,2-apple,2-apple,2-apple,1-samsung,1-samsung,2-apple,1-samsung,1-samsung,2-apple,2-apple,1-samsung,2-apple,1-samsung,3-samsung,3-samsung,3-samsung,,,,
21,,,4-apple,3-samsung,0-apple,1-samsung,3-samsung,2-apple,2-apple,2-apple,2-apple,2-apple,1-samsung,1-samsung,2-apple,1-samsung,1-samsung,2-apple,2-apple,1-samsung,2-apple,1-samsung,3-samsung,3-samsung,3-samsung,,,,
22,,,4-apple,3-samsung,0-apple,1-samsung,3-samsung,2-apple,2-apple,2-apple,2-apple,2-apple,1-samsung,1-samsung,2-apple,2-apple,1-samsung,2-apple,2-apple,1-samsung,1-samsung,1-samsung,3-samsung,3-samsung,3-samsung,,,,
23,,,4-apple,3-samsung,0-apple,1-samsung,3-samsung,2-apple,2-apple,2-apple,2-apple,2-apple,2-apple,1-samsung,2-apple,2-apple,2-apple,2-apple,2-apple,1-samsung,1-samsung,1-samsung,3-samsung,3-samsung,3-samsung,,,,
24,,,4-apple,3-samsung,0-apple,1-samsung,3-samsung,2-apple,2-apple,2-apple,2-apple,2-apple,2-apple,1-samsung,2-apple,2-apple,2-apple,2-apple,1-samsung,1-samsung,1-samsung,1-samsung,3-samsung,3-samsung,3-samsung,,,,
25,,,4-apple,3-samsung,0-apple,1-samsung,3-samsung,2-apple,2-apple,2-apple,2-apple,2-apple,2-apple,1-samsung,2-apple,2-apple,2-apple,1-samsung,1-samsung,1-samsung,1-samsung,1-samsung,3-samsung,3-samsung,3-samsung,,,,
26,,,4-apple,3-samsung,0-apple,1-samsung,3-samsung,2-apple,2-apple,2-apple,2-apple,2-apple,2-apple,1-samsung,2-apple,2-apple,2-apple,1-samsung,1-samsung,1-samsung,1-samsung,1-samsung,3-samsung,3-samsung,3-samsung,,,,
27,,,4-apple,3-samsung,0-apple,1-samsung,3-samsung,2-apple,2-apple,2-apple,2-apple,2-apple,2-apple,1-samsung,2-apple,2-apple,2-apple,1-samsung,1-samsung,1-samsung,1-samsung,1-samsung,3-samsung,3-samsung,,,,,
28,,,4-apple,3-samsung,0-apple,1-samsung,3-samsung,2-apple,1-samsung,2-apple,2-apple,2-apple,2-apple,1-samsung,2-apple,2-apple,2-apple,1-samsung,1-samsung,0-apple,1-samsung,1-samsung,3-samsung,3-samsung,,,,,
29,,,4-apple,3-samsung,0-apple,1-samsung,3-samsung,2-apple,1-samsung,2-apple,2-apple,2-apple,2-apple,1-samsung,2-apple,2-apple,2-apple,1-samsung,1-samsung,0-apple,1-samsung,1-samsung,2-apple,2-apple,,,,,
30,,,4-apple,0-apple,0-apple,1-samsung,3-samsung,2-apple,1-samsung,2-apple,2-apple,2-apple,2-apple,1-samsung,2-apple,2-apple,2-apple,1-samsung,1-samsung,0-apple,1-samsung,1-samsung,2-apple,2-apple,,,,,
31,,,4-apple,0-apple,0-apple,0-apple,3-samsung,2-apple,1-samsung,2-apple,2-apple,2-apple,2-apple,2-apple,2-apple,2-apple,2-apple,1-samsung,1-samsung,0-apple,1-samsung,0-apple,2-apple,2-apple,,,,,
32,,,4-apple,0-apple,0-apple,0-apple,3-samsung,2-apple,1-samsung,2-apple,2-apple,2-apple,2-apple,2-apple,2-apple,2-apple,2-apple,1-samsung,1-samsung,0-apple,1-samsung,0-apple,2-apple,2-apple,,,,,
33,,,4-apple,0-apple,0-apple,0-apple,3-samsung,2-apple,1-samsung,2-apple,2-apple,2-apple,2-apple,2-apple,2-apple,2-apple,2-apple,1-samsung,1-samsung,0-apple,3-samsung,0-apple,2-apple,2-apple,,,,,
34,,,4-apple,0-apple,0-apple,0-apple,3-samsung,2-apple,1-samsung,2-apple,2-apple,2-apple,2-apple,2-apple,2-apple,2-apple,2-apple,1-samsung,1-samsung,0-apple,3-samsung,0-apple,2-apple,2-apple,,,,,
35,,,4-apple,0-apple,0-apple,0-apple,3-samsung,2-apple,1-samsung,2-apple,2-apple,2-apple,2-apple,2-apple,2-apple,2-apple,2-apple,1-samsung,1-samsung,0-apple,3-samsung,0-apple,2-apple,2-apple,,,,,
36,,,4-apple,0-apple,0-apple,0-apple,3-samsung,2-apple,1-samsung,2-apple,2-apple,2-apple,2-apple,2-apple,2-apple,2-apple,2-apple,1-samsung,1-samsung,0-apple,3-samsung,0-apple,2-apple,2-apple,,,,,
37,,,4-apple,0-apple,0-apple,0-apple,3-samsung,2-apple,1-samsung,2-apple,2-apple,2-apple,2-apple,2-apple,2-apple,2-apple,2-apple,1-samsung,1-samsung,0-apple,3-samsung,0-apple,2-apple,2-apple,,,,,
38,,,4-apple,0-apple,0-apple,0-apple,3-samsung,2-apple,1-samsung,2-apple,2-apple,2-apple,2-apple,2-apple,2-apple,2-apple,2-apple,1-samsung,1-samsung,0-apple,3-samsung,0-apple,2-apple,2-apple,,,,,
39,,,,0-apple,0-apple,0-apple,3-samsung,2-apple,1-samsung,0-apple,2-apple,2-apple,2-apple,2-apple,2-apple,2-apple,2-apple,1-samsung,1-samsung,0-apple,3-samsung,0-apple,2-apple,2-apple,,,,,
40,,,,0-apple,0-apple,0-apple,3-samsung,2-apple,3-samsung,0-apple,2-apple,2-apple,2-apple,2-apple,2-apple,2-apple,2-apple,1-samsung,1-samsung,0-apple,3-samsung,0-apple,2-apple,2-apple,,,,,
41,,,,0-apple,0-apple,0-apple,3-samsung,2-apple,3-samsung,0-apple,0-apple,2-apple,2-apple,2-apple,2-apple,2-apple,2-apple,1-samsung,1-samsung,0-apple,3-samsung,0-apple,2-apple,2-apple,,,,,
42,,,,0-apple,0-apple,0-apple,3-samsung,2-apple,3-samsung,0-apple,0-apple,2-apple,2-apple,2-apple,2-apple,2-apple,2-apple,0-apple,3-samsung,0-apple,3-samsung,0-apple,2-apple,2-apple,,,,,
43,,,,0-apple,0-apple,0-apple,3-samsung,2-apple,3-samsung,0-apple,0-apple,2-apple,2-apple,2-apple,2-apple,2-apple,2-apple,0-apple,3-samsung,0-apple,3-samsung,0-apple,0-apple,2-apple,,,,,
44,,,,0-apple,0-apple,0-apple,3-samsung,0-apple,3-samsung,0-apple,0-apple,2-apple,2-apple,2-apple,2-apple,2-apple,2-apple,0-apple,3-samsung,0-apple,3-samsung,0-apple,0-apple,2-apple,,,,,
45,,,,0-apple,0-apple,0-apple,3-samsung,0-apple,3-samsung,0-apple,0-apple,2-apple,2-apple,2-apple,2-apple,2-apple,2-apple,0-apple,3-samsung,0-apple,3-samsung,0-apple,0-apple,2-apple,,,,,
46,,,,0-apple,3-samsung,0-apple,3-samsung,0-apple,3-samsung,0-apple,0-apple,2-apple,2-apple,2-apple,2-apple,2-apple,2-apple,0-apple,3-samsung,0-apple,3-samsung,0-apple,0-apple,2-apple,,,,,
47,,,,0-apple,3-samsung,0-apple,3-samsung,0-apple,3-samsung,0-apple,0-apple,3-samsung,2-apple,2-apple,2-apple,2-apple,2-apple,0-apple,3-samsung,0-apple,3-samsung,0-apple,0-apple,0-apple,,,,,
48,,,,0-apple,3-samsung,0-apple,3-samsung,0-apple,3-samsung,0-apple,0-apple,3-samsung,2-apple,2-apple,2-apple,2-apple,2-apple,0-apple,3-samsung,0-apple,3-samsung,0-apple,0-apple,0-apple,,,,,
49,,,,4-apple,3-samsung,0-apple,3-samsung,0-apple,3-samsung,0-apple,0-apple,3-samsung,2-apple,2-apple,3-samsung,2-apple,2-apple,0-apple,3-samsung,0-apple,3-samsung,0-apple,0-apple,0-apple,,,,,
50,,,,4-apple,3-samsung,0-apple,2-apple,0-apple,3-samsung,0-apple,0-apple,3-samsung,2-apple,2-apple,3-samsung,2-apple,2-apple,0-apple,3-samsung,0-apple,3-samsung,0-apple,0-apple,0-apple,,,,,
51,,,,4-apple,3-samsung,0-apple,2-apple,0-apple,3-samsung,0-apple,0-apple,3-samsung,2-apple,2-apple,3-samsung,3-samsung,3-samsung,0-apple,3-samsung,0-apple,3-samsung,0-apple,0-apple,0-apple,,,,,
52,,,,4-apple,3-samsung,0-apple,2-apple,0-apple,3-samsung,0-apple,0-apple,3-samsung,2-apple,2-apple,3-samsung,3-samsung,3-samsung,0-apple,3-samsung,0-apple,0-apple,0-apple,0-apple,0-apple,,,,,
53,,,,4-apple,3-samsung,0-apple,2-apple,0-apple,3-samsung,0-apple,0-apple,3-samsung,2-apple,2-apple,3-samsung,3-samsung,3-samsung,0-apple,3-samsung,0-apple,0-apple,0-apple,0-apple,0-apple,,,,,
54,,,,4-apple,3-samsung,0-apple,2-apple,0-apple,3-samsung,0-apple,0-apple,3-samsung,0-apple,2-apple,3-samsung,3-samsung,3-samsung,0-apple,3-samsung,0-apple,0-apple,0-apple,0-apple,0-apple,,,,,
55,,,,4-apple,3-samsung,0-apple,2-apple,0-apple,3-samsung,0-apple,0-apple,3-samsung,0-apple,2-apple,3-samsung,3-samsung,3-samsung,0-apple,3-samsung,3-samsung,0-apple,0-apple,0-apple,0-apple,,,,,
56,,,,4-apple,3-samsung,0-apple,2-apple,0-apple,3-samsung,0-apple,0-apple,3-samsung,0-apple,0-apple,3-samsung,3-samsung,3-samsung,0-apple,3-samsung,3-samsung,0-apple,0-apple,0-apple,0-apple,,,,,
57,,,,4-apple,3-samsung,0-apple,2-apple,0-apple,3-samsung,0-apple,0-apple,3-samsung,0-apple,0-apple,3-samsung,3-samsung,3-samsung,0-apple,3-samsung,3-samsung,0-apple,0-apple,0-apple,0-apple,,,,,
58,,,,4-apple,3-samsung,0-apple,2-apple,0-apple,3-samsung,0-apple,0-apple,3-samsung,0-apple,0-apple,3-samsung,3-samsung,3-samsung,0-apple,3-samsung,3-samsung,0-apple,0-apple,0-apple,0-apple,,,,,
59,,,,4-apple,3-samsung,0-apple,2-apple,0-apple,3-samsung,0-apple,0-apple,3-samsung,0-apple,0-apple,3-samsung,3-samsung,3-samsung,0-apple,3-samsung,3-samsung,0-apple,0-apple,0-apple,0-apple,,,,,
60,,,,4-apple,3-samsung,0-apple,2-apple,0-apple,3-samsung,0-apple,0-apple,3-samsung,0-apple,0-apple,3-samsung,3-samsung,3-samsung,0-apple,3-samsung,3-samsung,0-apple,0-apple,0-apple,0-apple,,,,,
61,,,,4-apple,3-samsung,0-apple,2-apple,0-apple,3-samsung,0-apple,0-apple,3-samsung,0-apple,0-apple,3-samsung,3-samsung,3-samsung,0-apple,3-samsung,3-samsung,0-apple,0-apple,0-apple,0-apple,,,,,
62,,,,4-apple,3-samsung,0-apple,2-apple,0-apple,3-samsung,0-apple,0-apple,3-samsung,0-apple,0-apple,3-samsung,3-samsung,3-samsung,0-apple,3-samsung,3-samsung,0-apple,0-apple,0-apple,0-apple,,,,,
63,,,,4-apple,3-samsung,0-apple,2-apple,0-apple,3-samsung,0-apple,0-apple,3-samsung,0-apple,0-apple,3-samsung,3-samsung,3-samsung,0-apple,3-samsung,3-samsung,0-apple,0-apple,0-apple,0-apple,,,,,
64,,,,4-apple,3-samsung,0-apple,2-apple,0-apple,3-samsung,0-apple,0-apple,3-samsung,0-apple,0-apple,3-samsung,3-samsung,3-samsung,0-apple,3-samsung,3-samsung,0-apple,3-samsung,0-apple,0-apple,,,,,
65,,,,4-apple,3-samsung,0-apple,2-apple,0-apple,3-samsung,0-apple,0-apple,3-samsung,0-apple,0-apple,3-samsung,3-samsung,3-samsung,0-apple,0-apple,3-samsung,0-apple,3-samsung,0-apple,0-apple,,,,,
66,,,,4-apple,3-samsung,0-apple,2-apple,0-apple,3-samsung,0-apple,0-apple,3-samsung,0-apple,0-apple,3-samsung,3-samsung,3-samsung,0-apple,0-apple,3-samsung,0-apple,3-samsung,0-apple,0-apple,,,,,
67,,,,4-apple,3-samsung,0-apple,2-apple,0-apple,3-samsung,0-apple,0-apple,3-samsung,0-apple,0-apple,3-samsung,3-samsung,3-samsung,0-apple,0-apple,3-samsung,0-apple,3-samsung,4-apple,0-apple,,,,,
68,,,,4-apple,3-samsung,0-apple,2-apple,0-apple,3-samsung,0-apple,0-apple,0-apple,0-apple,0-apple,3-samsung,3-samsung,3-samsung,0-apple,0-apple,3-samsung,0-apple,3-samsung,4-apple,0-apple,,,,,
69,,,,4-apple,3-samsung,0-apple,2-apple,0-apple,3-samsung,0-apple,0-apple,0-apple,0-apple,0-apple,3-samsung,3-samsung,3-samsung,0-apple,0-apple,3-samsung,0-apple,3-samsung,4-apple,0-apple,,,,,
70,,,,4-apple,3-samsung,0-apple,2-apple,0-apple,0-apple,0-apple,0-apple,0-apple,0-apple,0-apple,3-samsung,3-samsung,3-samsung,0-apple,0-apple,3-samsung,0-apple,3-samsung,4-apple,0-apple,,,,,
71,,,,,3-samsung,0-apple,2-apple,3-samsung,0-apple,0-apple,0-apple,0-apple,0-apple,0-apple,0-apple,3-samsung,3-samsung,0-apple,0-apple,3-samsung,0-apple,3-samsung,4-apple,4-apple,,,,,
72,,,,,4-apple,0-apple,0-apple,3-samsung,0-apple,0-apple,0-apple,0-apple,0-apple,0-apple,0-apple,3-samsung,3-samsung,0-apple,0-apple,3-samsung,0-apple,3-samsung,4-apple,4-apple,,,,,
73,,,,,4-apple,3-samsung,0-apple,3-samsung,0-apple,0-apple,0-apple,0-apple,0-apple,0-apple,0-apple,3-samsung,3-samsung,0-apple,0-apple,4-apple,0-apple,3-samsung,4-apple,4-apple,,,,,
74,,,,,4-apple,3-samsung,0-apple,3-samsung,0-apple,0-apple,3-samsung,0-apple,0-apple,3-samsung,0-apple,3-samsung,3-samsung,0-apple,0-apple,4-apple,0-apple,3-samsung,4-apple,4-apple,,,,,
75,,,,,4-apple,3-samsung,0-apple,3-samsung,0-apple,0-apple,3-samsung,0-apple,0-apple,3-samsung,0-apple,3-samsung,3-samsung,0-apple,0-apple,4-apple,0-apple,3-samsung,4-apple,4-apple,,,,,
76,,,,,4-apple,3-samsung,0-apple,3-samsung,0-apple,0-apple,3-samsung,0-apple,0-apple,3-samsung,0-apple,0-apple,3-samsung,3-samsung,0-apple,4-apple,0-apple,3-samsung,4-apple,4-apple,,,,,
77,,,,,4-apple,3-samsung,0-apple,3-samsung,0-apple,0-apple,3-samsung,0-apple,0-apple,3-samsung,0-apple,0-apple,3-samsung,3-samsung,0-apple,4-apple,0-apple,3-samsung,4-apple,4-apple,,,,,
78,,,,,4-apple,3-samsung,0-apple,3-samsung,0-apple,0-apple,3-samsung,0-apple,0-apple,3-samsung,0-apple,0-apple,3-samsung,3-samsung,0-apple,4-apple,0-apple,3-samsung,4-apple,4-apple,,,,,
79,,,,,4-apple,3-samsung,0-apple,3-samsung,0-apple,0-apple,3-samsung,0-apple,0-apple,3-samsung,0-apple,0-apple,3-samsung,3-samsung,0-apple,4-apple,0-apple,3-samsung,4-apple,4-apple,,,,,
80,,,,,4-apple,3-samsung,0-apple,3-samsung,0-apple,0-apple,3-samsung,0-apple,0-apple,3-samsung,0-apple,0-apple,3-samsung,3-samsung,0-apple,4-apple,4-apple,3-samsung,4-apple,4-apple,,,,,
81,,,,,4-apple,3-samsung,0-apple,3-samsung,0-apple,0-apple,3-samsung,0-apple,0-apple,3-samsung,0-apple,0-apple,3-samsung,3-samsung,0-apple,4-apple,4-apple,3-samsung,4-apple,,,,,,
82,,,,,4-apple,3-samsung,0-apple,3-samsung,0-apple,0-apple,3-samsung,0-apple,3-samsung,3-samsung,0-apple,0-apple,3-samsung,3-samsung,0-apple,4-apple,4-apple,3-samsung,4-apple,,,,,,
83,,,,,4-apple,3-samsung,0-apple,3-samsung,0-apple,0-apple,3-samsung,0-apple,3-samsung,3-samsung,0-apple,0-apple,0-apple,3-samsung,0-apple,4-apple,4-apple,3-samsung,4-apple,,,,,,
84,,,,,4-apple,3-samsung,0-apple,3-samsung,0-apple,3-samsung,3-samsung,0-apple,3-samsung,3-samsung,0-apple,0-apple,0-apple,3-samsung,0-apple,4-apple,4-apple,3-samsung,4-apple,,,,,,
85,,,,,4-apple,3-samsung,0-apple,3-samsung,0-apple,3-samsung,3-samsung,0-apple,3-samsung,3-samsung,0-apple,0-apple,0-apple,3-samsung,0-apple,4-apple,4-apple,3-samsung,4-apple,,,,,,
86,,,,,4-apple,3-samsung,0-apple,3-samsung,0-apple,3-samsung,3-samsung,0-apple,3-samsung,3-samsung,0-apple,0-apple,0-apple,3-samsung,0-apple,4-apple,4-apple,4-apple,4-apple,,,,,,
87,,,,,4-apple,3-samsung,0-apple,3-samsung,0-apple,3-samsung,3-samsung,0-apple,3-samsung,3-samsung,0-apple,0-apple,0-apple,3-samsung,0-apple,4-apple,4-apple,4-apple,4-apple,,,,,,
88,,,,,4-apple,3-samsung,0-apple,3-samsung,0-apple,3-samsung,3-samsung,0-apple,3-samsung,3-samsung,0-apple,0-apple,0-apple,3-samsung,0-apple,4-apple,4-apple,4-apple,4-apple,,,,,,
89,,,,,4-apple,3-samsung,0-apple,3-samsung,0-apple,3-samsung,3-samsung,0-apple,3-samsung,3-samsung,0-apple,0-apple,0-apple,3-samsung,0-apple,4-apple,4-apple,4-apple,4-apple,,,,,,
90,,,,,4-apple,3-samsung,0-apple,3-samsung,0-apple,3-samsung,3-samsung,4-apple,3-samsung,3-samsung,0-apple,0-apple,0-apple,3-samsung,0-apple,4-apple,4-apple,4-apple,4-apple,,,,,,
91,,,,,4-apple,3-samsung,0-apple,3-samsung,0-apple,3-samsung,3-samsung,4-apple,3-samsung,3-samsung,0-apple,0-apple,0-apple,3-samsung,0-apple,4-apple,4-apple,4-apple,4-apple,,,,,,
92,,,,,4-apple,3-samsung,0-apple,3-samsung,0-apple,3-samsung,3-samsung,4-apple,3-samsung,3-samsung,0-apple,0-apple,0-apple,3-samsung,4-apple,4-apple,4-apple,4-apple,4-apple,,,,,,
93,,,,,4-apple,3-samsung,0-apple,3-samsung,0-apple,3-samsung,3-samsung,4-apple,3-samsung,3-samsung,0-apple,0-apple,0-apple,3-samsung,4-apple,4-apple,4-apple,4-apple,4-apple,,,,,,
94,,,,,4-apple,3-samsung,0-apple,3-samsung,0-apple,3-samsung,4-apple,4-apple,3-samsung,3-samsung,4-apple,0-apple,0-apple,3-samsung,4-apple,4-apple,4-apple,4-apple,4-apple,,,,,,
95,,,,,4-apple,3-samsung,0-apple,3-samsung,0-apple,3-samsung,4-apple,4-apple,3-samsung,3-samsung,4-apple,0-apple,0-apple,3-samsung,4-apple,4-apple,4-apple,4-apple,4-apple,,,,,,
96,,,,,4-apple,3-samsung,0-apple,3-samsung,0-apple,3-samsung,4-apple,4-apple,3-samsung,3-samsung,4-apple,0-apple,0-apple,3-samsung,4-apple,4-apple,4-apple,4-apple,4-apple,,,,,,
97,,,,,4-apple,3-samsung,0-apple,3-samsung,0-apple,3-samsung,4-apple,4-apple,3-samsung,3-samsung,4-apple,0-apple,0-apple,3-samsung,4-apple,,4-apple,4-apple,4-apple,,,,,,
98,,,,,4-apple,3-samsung,0-apple,3-samsung,0-apple,3-samsung,4-apple,4-apple,3-samsung,3-samsung,4-apple,0-apple,0-apple,3-samsung,4-apple,,4-apple,4-apple,4-apple,,,,,,
99,,,,,4-apple,3-samsung,0-apple,3-samsung,0-apple,3-samsung,4-apple,4-apple,3-samsung,3-samsung,4-apple,0-apple,0-apple,3-samsung,4-apple,,4-apple,4-apple,4-apple,,,,,,
100,,,,,4-apple,3-samsung,0-apple,3-samsung,0-apple,3-samsung,4-apple,4-apple,3-samsung,3-samsung,4-apple,0-apple,0-apple,3-samsung,4-apple,,4-apple,4-apple,4-apple,,,,,,
101,,,,,4-apple,3-samsung,0-apple,3-samsung,0-apple,3-samsung,4-apple,4-apple,3-samsung,4-apple,4-apple,4-apple,0-apple,3-samsung,4-apple,,4-apple,4-apple,4-apple,,,,,,
102,,,,,4-apple,3-samsung,4-apple,3-samsung,0-apple,3-samsung,4-apple,4-apple,3-samsung,4-apple,4-apple,4-apple,0-apple,3-samsung,4-apple,,4-apple,4-apple,4-apple,,,,,,
103,,,,,4-apple,3-samsung,4-apple,3-samsung,0-apple,3-samsung,4-apple,4-apple,3-samsung,4-apple,4-apple,4-apple,0-apple,3-samsung,4-apple,,,4-apple,4-apple,,,,,,
104,,,,,4-apple,3-samsung,4-apple,3-samsung,4-apple,3-samsung,4-apple,4-apple,3-samsung,4-apple,4-apple,4-apple,0-apple,3-samsung,4-apple,,,4-apple,4-apple,,,,,,
105,,,,,,3-samsung,4-apple,3-samsung,4-apple,3-samsung,4-apple,4-apple,3-samsung,4-apple,4-apple,4-apple,0-apple,3-samsung,4-apple,,,4-apple,4-apple,,,,,,
106,,,,,,3-samsung,4-apple,4-apple,4-apple,3-samsung,4-apple,4-apple,3-samsung,4-apple,4-apple,4-apple,4-apple,3-samsung,4-apple,,,4-apple,4-apple,,,,,,
107,,,,,,3-samsung,4-apple,4-apple,4-apple,3-samsung,4-apple,4-apple,3-samsung,4-apple,4-apple,4-apple,4-apple,3-samsung,4-apple,,,4-apple,4-apple,,,,,,
108,,,,,,4-apple,4-apple,4-apple,4-apple,3-samsung,4-apple,4-apple,3-samsung,4-apple,4-apple,4-apple,4-apple,3-samsung,4-apple,,,4-apple,4-apple,,,,,,
109,,,,,,4-apple,4-apple,4-apple,4-apple,3-samsung,4-apple,4-apple,3-samsung,4-apple,4-apple,4-apple,4-apple,4-apple,4-apple,,,4-apple,4-apple,,,,,,
110,,,,,,4-apple,4-apple,4-apple,4-apple,4-apple,,,3-samsung,4-apple,4-apple,4-apple,4-apple,4-apple,4-apple,,,4-apple,4-apple,,,,,,
111,,,,,,4-apple,4-apple,4-apple,4-apple,4-apple,,,4-apple,4-apple,4-apple,4-apple,4-apple,4-apple,4-apple,,,4-apple,4-apple,,,,,,
112,,,,,,4-apple,4-apple,4-apple,4-apple,4-apple,,,4-apple,4-apple,4-apple,4-apple,4-apple,4-apple,4-apple,,,,4-apple,,,,,,
113,,,,,,4-apple,4-apple,4-apple,4-apple,4-apple,,,4-apple,4-apple,4-apple,4-apple,4-apple,4-apple,4-apple,,,,4-apple,,,,,,
114,,,,,,4-apple,4-apple,4-apple,4-apple,4-apple,,,4-apple,4-apple,,4-apple,4-apple,4-apple,4-apple,,,,4-apple,,,,,,
115,,,,,,4-apple,4-apple,4-apple,4-apple,4-apple,,,4-apple,,,4-apple,4-apple,4-apple,4-apple,,,,4-apple,,,,,,
116,,,,,,4-apple,4-apple,4-apple,4-apple,4-apple,,,4-apple,,,4-apple,4-apple,4-apple,4-apple,,,,4-apple,,,,,,
117,,,,,,4-apple,4-apple,4-apple,4-apple,4-apple,,,4-apple,,,4-apple,4-apple,4-apple,4-apple,,,,4-apple,,,,,,
118,,,,,,4-apple,4-apple,4-apple,4-apple,4-apple,,,4-apple,,,4-apple,4-apple,4-apple,4-apple,,,,4-apple,,,,,,
119,,,,,,4-apple,4-apple,4-apple,4-apple,4-apple,,,4-apple,,,4-apple,4-apple,4-apple,4-apple,,,,4-apple,,,,,,
120,,,,,,4-apple,4-apple,4-apple,4-apple,4-apple,,,4-apple,,,4-apple,4-apple,4-apple,,,,,4-apple,,,,,,
121,,,,,,4-apple,4-apple,4-apple,4-apple,4-apple,,,4-apple,,,4-apple,4-apple,4-apple,,,,,4-apple,,,,,,
122,,,,,,4-apple,4-apple,4-apple,4-apple,4-apple,,,4-apple,,,4-apple,4-apple,4-apple,,,,,4-apple,,,,,,
123,,,,,,4-apple,4-apple,4-apple,4-apple,4-apple,,,4-apple,,,4-apple,,4-apple,,,,,4-apple,,,,,,
124,,,,,,4-apple,4-apple,4-apple,4-apple,4-apple,,,4-apple,,,,,4-apple,,,,,4-apple,,,,,,
125,,,,,,4-apple,4-apple,4-apple,4-apple,4-apple,,,4-apple,,,,,4-apple,,,,,4-apple,,,,,,
126,,,,,,4-apple,4-apple,4-apple,4-apple,4-apple,,,4-apple,,,,,4-apple,,,,,4-apple,,,,,,
127,,,,,,4-apple,4-apple,4-apple,4-apple,4-apple,,,4-apple,,,,,4-apple,,,,,,,,,,,
128,,,,,,4-apple,4-apple,4-apple,4-apple,4-apple,,,4-apple,,,,,,,,,,,,,,,,
129,,,,,,4-apple,4-apple,4-apple,4-apple,4-apple,,,4-apple,,,,,,,,,,,,,,,,
130,,,,,,4-apple,4-apple,4-apple,4-apple,4-apple,,,4-apple,,,,,,,,,,,,,,,,
131,,,,,,4-apple,4-apple,4-apple,4-apple,4-apple,,,4-apple,,,,,,,,,,,,,,,,
132,,,,,,4-apple,4-apple,4-apple,,,,,4-apple,,,,,,,,,,,,,,,,
133,,,,,,4-apple,4-apple,4-apple,,,,,4-apple,,,,,,,,,,,,,,,,
134,,,,,,4-apple,4-apple,4-apple,,,,,4-apple,,,,,,,,,,,,,,,,
135,,,,,,4-apple,4-apple,4-apple,,,,,4-apple,,,,,,,,,,,,,,,,
136,,,,,,4-apple,4-apple,4-apple,,,,,4-apple,,,,,,,,,,,,,,,,
137,,,,,,4-apple,4-apple,4-apple,,,,,4-apple,,,,,,,,,,,,,,,,
138,,,,,,4-apple,4-apple,4-apple,,,,,4-apple,,,,,,,,,,,,,,,,
139,,,,,,4-apple,4-apple,4-apple,,,,,4-apple,,,,,,,,,,,,,,,,
140,,,,,,4-apple,,4-apple,,,,,4-apple,,,,,,,,,,,,,,,,
141,,,,,,4-apple,,4-apple,,,,,4-apple,,,,,,,,,,,,,,,,
142,,,,,,4-apple,,4-apple,,,,,4-apple,,,,,,,,,,,,,,,,
143,,,,,,4-apple,,4-apple,,,,,,,,,,,,,,,,,,,,,
144,,,,,,4-apple,,4-apple,,,,,,,,,,,,,,,,,,,,,
145,,,,,,,,4-apple,,,,,,,,,,,,,,,,,,,,,
146,,,,,,,,4-apple,,,,,,,,,,,,,,,,,,,,,
147,,,,,,,,4-apple,,,,,,,,,,,,,,,,,,,,,
148,,,,,,,,4-apple,,,,,,,,,,,,,,,,,,,,,
149,,,,,,,,4-apple,,,,,,,,,,,,,,,,,,,,,
150,,,,,,,,4-apple,,,,,,,,,,,,,,,,,,,,,
151,,,,,,,,4-apple,,,,,,,,,,,,,,,,,,,,,
